{"cameraMode":{"drawMode":0,"name":"Shaded","section":"Shading Mode"},"sceneLighting":true,"audioPlay":false,"sceneViewState":{"showFog":true,"showMaterialUpdate":true,"showSkybox":true,"showFlares":true,"showImageEffects":true,"showParticleSystems":true},"in2DMode":false,"pivot":{"x":12.409513473510743,"y":-6.743885040283203,"z":7.949811935424805},"rotation":{"x":-0.2511926293373108,"y":-0.4329017400741577,"z":0.12696857750415803,"w":-0.8563888072967529},"size":40.9312629699707,"orthographic":false}