{"cameraMode":{"drawMode":0,"name":"Shaded","section":"Shading Mode"},"sceneLighting":false,"audioPlay":false,"sceneViewState":{"showFog":true,"showMaterialUpdate":true,"showSkybox":false,"showFlares":true,"showImageEffects":true,"showParticleSystems":true},"in2DMode":false,"pivot":{"x":-10.696765899658204,"y":-1.6198413372039796,"z":9.736010551452637},"rotation":{"x":-0.005018838681280613,"y":0.9910856485366821,"z":-0.1273643523454666,"w":-0.038996584713459018},"size":6.5332112312316898,"orthographic":false}