{"cameraMode":{"drawMode":0,"name":"Shaded","section":"Shading Mode"},"sceneLighting":false,"audioPlay":false,"sceneViewState":{"showFog":true,"showMaterialUpdate":true,"showSkybox":false,"showFlares":true,"showImageEffects":true,"showParticleSystems":true},"in2DMode":false,"pivot":{"x":-6.077072620391846,"y":0.8864210247993469,"z":8.110544204711914},"rotation":{"x":0.0029040237423032524,"y":-0.9937632083892822,"z":-0.02652878127992153,"w":-0.10832955688238144},"size":0.5775183439254761,"orthographic":false}