{"cameraMode":{"drawMode":0,"name":"Shaded","section":"Shading Mode"},"sceneLighting":true,"audioPlay":false,"sceneViewState":{"showFog":true,"showMaterialUpdate":true,"showSkybox":true,"showFlares":true,"showImageEffects":true,"showParticleSystems":true},"in2DMode":false,"pivot":{"x":-11.017767906188965,"y":-3.558497905731201,"z":10.899072647094727},"rotation":{"x":-0.034767452627420428,"y":0.04492391645908356,"z":-0.001576075330376625,"w":-0.998396098613739},"size":22.0,"orthographic":false}