{"cameraMode":{"drawMode":0,"name":"Shaded","section":"Shading Mode"},"sceneLighting":true,"audioPlay":false,"sceneViewState":{"showFog":true,"showMaterialUpdate":true,"showSkybox":true,"showFlares":true,"showImageEffects":true,"showParticleSystems":true},"in2DMode":false,"pivot":{"x":-13.003000259399414,"y":-2.199801445007324,"z":6.609622955322266},"rotation":{"x":0.055023517459630969,"y":-0.9448934197425842,"z":0.22104839980602265,"w":0.23515740036964417},"size":23.06138038635254,"orthographic":false}