{"cameraMode":{"drawMode":0,"name":"Shaded","section":"Shading Mode"},"sceneLighting":true,"audioPlay":false,"sceneViewState":{"showFog":true,"showMaterialUpdate":true,"showSkybox":true,"showFlares":true,"showImageEffects":true,"showParticleSystems":true},"in2DMode":false,"pivot":{"x":-9.37858772277832,"y":-10.526034355163575,"z":7.843371391296387},"rotation":{"x":-0.37286055088043215,"y":-0.055659979581832889,"z":0.022400693967938424,"w":-0.9259585738182068},"size":40.62875747680664,"orthographic":false}