{"cameraMode":{"drawMode":0,"name":"Shaded","section":"Shading Mode"},"sceneLighting":true,"audioPlay":false,"sceneViewState":{"showFog":true,"showMaterialUpdate":true,"showSkybox":true,"showFlares":true,"showImageEffects":true,"showParticleSystems":true},"in2DMode":false,"pivot":{"x":-3.6086063385009767,"y":-3.843968391418457,"z":12.031612396240235},"rotation":{"x":0.2897782623767853,"y":-0.6787987351417542,"z":0.5849921703338623,"w":0.3362378478050232},"size":11.103922843933106,"orthographic":false}