{"cameraMode":{"drawMode":0,"name":"Shaded","section":"Shading Mode"},"sceneLighting":false,"audioPlay":false,"sceneViewState":{"showFog":true,"showMaterialUpdate":true,"showSkybox":false,"showFlares":true,"showImageEffects":true,"showParticleSystems":true},"in2DMode":false,"pivot":{"x":0.16445115208625794,"y":5.628935813903809,"z":-0.18764972686767579},"rotation":{"x":0.10807676613330841,"y":0.020002389326691629,"z":-0.002187897451221943,"w":0.9939449429512024},"size":10.607451438903809,"orthographic":false}